Imię,Liczba,Płeć
ANTONI,3431,M
JAN,3246,M
ALEKSANDER,3039,M
FRANCISZEK,2923,M
NIKODEM,2805,M
JAKUB,2751,M
LEON,2499,M
STANISŁAW,2174,M
MIKOŁAJ,2165,M
SZYMON,2154,M
FILIP,2105,M
IGNACY,2003,M
WOJCIECH,1829,M
KACPER,1692,M
ADAM,1622,M
TYMON,1602,M
MARCEL,1542,M
MAKSYMILIAN,1535,M
WIKTOR,1407,M
MICHAŁ,1393,M
OLIWIER,1265,M
TYMOTEUSZ,1188,M
MIŁOSZ,1149,M
IGOR,1130,M
PIOTR,1046,M
JULIAN,1002,M
OSKAR,962,M
GABRIEL,886,M
DAWID,781,M
KRZYSZTOF,703,M
BARTOSZ,694,M
MATEUSZ,634,M
DOMINIK,633,M
KAROL,614,M
NATAN,598,M
BRUNO,588,M
ALAN,562,M
HUBERT,552,M
FABIAN,529,M
MACIEJ,509,M
TOMASZ,490,M
HENRYK,482,M
TADEUSZ,453,M
ARTUR,436,M
CEZARY,425,M
PAWEŁ,408,M
KSAWERY,405,M
DANIEL,359,M
KAZIMIERZ,349,M
BARTŁOMIEJ,338,M
BORYS,334,M
KUBA,333,M
KAJETAN,312,M
MILAN,309,M
JÓZEF,299,M
KAMIL,298,M
TEODOR,289,M
WITOLD,287,M
OLAF,282,M
ERYK,266,M
KORNEL,263,M
ADRIAN,261,M
PATRYK,258,M
STEFAN,251,M
MARK,248,M
GRZEGORZ,247,M
GUSTAW,231,M
SEBASTIAN,230,M
LEO,219,M
KRYSTIAN,214,M
EMIL,208,M
LEONARD,205,M
JERZY,204,M
MIESZKO,204,M
MAKSYM,198,M
RYSZARD,195,M
ARTEM,194,M
FELIKS,180,M
TOBIASZ,174,M
MARCIN,171,M
DAVID,163,M
ROBERT,162,M
ŁUKASZ,159,M
KONSTANTY,157,M
DAMIAN,154,M
RAFAŁ,141,M
ALEX,139,M
REMIGIUSZ,134,M
NATANIEL,132,M
FLORIAN,131,M
BŁAŻEJ,128,M
PRZEMYSŁAW,127,M
OLIVIER,127,M
ALEKS,124,M
JEREMI,120,M
OLEKSANDR,120,M
RADOSŁAW,117,M
KONRAD,116,M
JULIUSZ,115,M
MATVII,106,M
ROMAN,104,M
MAREK,101,M
IWO,101,M
ALBERT,100,M
LUCJAN,97,M
ALEXANDER,91,M
KORDIAN,90,M
BENIAMIN,89,M
LUDWIK,87,M
MAKAR,80,M
DMYTRO,79,M
SAMUEL,79,M
GRACJAN,78,M
DORIAN,76,M
ANDRZEJ,75,M
WŁADYSŁAW,75,M
BOGDAN,73,M
JĘDRZEJ,72,M
MAURYCY,70,M
MYKHAILO,69,M
HUGO,68,M
TIMUR,68,M
ARKADIUSZ,68,M
JEREMIASZ,67,M
JACEK,67,M
FRYDERYK,63,M
ALEKSY,63,M
MAKS,62,M
ERNEST,61,M
NIKITA,59,M
IVAN,59,M
DANYLO,58,M
BRAJAN,57,M
OLIVER,56,M
TYMOFII,56,M
SEWERYN,56,M
MIRON,55,M
NAZAR,54,M
EDWARD,53,M
DAVYD,52,M
WINCENTY,52,M
VINCENT,52,M
DANIIL,52,M
LIAM,51,M
DAMIR,51,M
LEV,50,M
CYPRIAN,48,M
MATVIY,47,M
VLADYSLAV,46,M
DENIS,46,M
NORBERT,46,M
OLGIERD,45,M
BOHDAN,43,M
LUKA,41,M
MARKO,40,M
TYTUS,39,M
DARIUSZ,38,M
MAX,38,M
MARTIN,37,M
ILLIA,36,M
ARON,35,M
VIKTOR,35,M
ARSEN,34,M
YAROSLAV,33,M
LEW,33,M
BOGUMIŁ,32,M
MAKSIM,32,M
MARCELI,32,M
ZBIGNIEW,31,M
EMILIAN,31,M
KOSMA,31,M
MAXIMILIAN,29,M
MIROSŁAW,29,M
OLIWER,29,M
DEMIAN,28,M
TYMUR,27,M
OKTAWIAN,27,M
ZACHARY,26,M
GNIEWOMIR,26,M
ZAKHAR,26,M
LEONARDO,26,M
WINCENT,25,M
PLATON,25,M
ANDRII,25,M
NIKOLAS,24,M
SVIATOSLAV,24,M
VOLODYMYR,24,M
LEOPOLD,24,M
LESZEK,24,M
BENJAMIN,24,M
BRUNON,24,M
CZESŁAW,23,M
BOLESŁAW,23,M
SZCZEPAN,22,M
JOACHIM,22,M
KEVIN,22,M
TEO,21,M
NATHAN,21,M
GNIEWKO,21,M
MARIUSZ,21,M
AMADEUSZ,20,M
ZIEMOWIT,20,M
OSTAP,20,M
OLEKSII,20,M
SYLWESTER,20,M
KLEMENS,19,M
KYRYLO,19,M
VLADISLAV,19,M
JAROSŁAW,19,M
JONATAN,19,M
FRANEK,19,M
BARTEK,19,M
JONASZ,19,M
DENYS,19,M
BOGUSŁAW,19,M
MYKYTA,18,M
EDMUND,18,M
ELIASZ,18,M
BERNARD,18,M
OREST,17,M
BENEDYKT,17,M
NICOLAS,17,M
MYROSLAV,17,M
KASPIAN,17,M
PAVLO,17,M
TYMOFIY,17,M
KIRIL,17,M
YEHOR,16,M
KORNELIUSZ,16,M
MIECZYSŁAW,16,M
MATVEY,16,M
ERIK,15,M
KSAWIER,15,M
DANIL,15,M
VICTOR,15,M
ZYGMUNT,15,M
ANTON,15,M
OSCAR,15,M
KASJAN,15,M
KIRILL,15,M
BASTIAN,14,M
GERARD,14,M
DANYIL,14,M
HEKTOR,14,M
OLEK,14,M
MYRON,13,M
WILLIAM,13,M
ZAHAR,13,M
KEWIN,13,M
ROSTYSLAV,13,M
OLEG,13,M
ROCH,13,M
EGOR,13,M
MAXYMILIAN,13,M
MARIAN,13,M
STANISLAV,13,M
SERGIUSZ,13,M
ANATOL,13,M
MAXIM,13,M
VADYM,13,M
IVO,13,M
FELICJAN,12,M
FELIX,12,M
YAN,12,M
SŁAWOMIR,12,M
USTYM,12,M
THEO,11,M
GLEB,11,M
DANILO,11,M
ALEK,11,M
WIT,11,M
BRONISŁAW,11,M
MICHAEL,11,M
ERWIN,11,M
KOSTIANTYN,11,M
SERHII,11,M
MYKOLA,11,M
NOE,10,M
EMANUEL,10,M
WALDEMAR,10,M
COLIN,10,M
AUGUST,10,M
MIROSLAV,10,M
TYMOFIJ,10,M
IHOR,10,M
STEPAN,10,M
YURII,10,M
VENIAMIN,10,M
LUCAS,10,M
ALEKSANDR,10,M
NOAH,10,M
GNIEWOSZ,10,M
JANUSZ,10,M
RENAT,10,M
KAI,9,M
KRZESIMIR,9,M
THEODOR,9,M
ANTHONY,9,M
LEONID,9,M
IRENEUSZ,9,M
OLEH,9,M
AARON,9,M
AMIR,9,M
NIKO,9,M
KYRYL,9,M
RAFAEL,9,M
TARAS,8,M
SAMBOR,8,M
MUHAMMAD,8,M
RAGNAR,8,M
ILIA,8,M
RUSLAN,8,M
NESTOR,8,M
ARMIN,8,M
MATWIJ,8,M
ANTONIO,8,M
WILHELM,8,M
YEVHEN,8,M
IWAN,8,M
MIKHAIL,8,M
LUKIAN,8,M
ILYA,8,M
XAVIER,8,M
MARCO,8,M
EMIR,8,M
MIKOLAJ,8,M
TIMOFEY,8,M
AXEL,8,M
HENRY,8,M
NATANAEL,7,M
DOBROMIR,7,M
MAKARY,7,M
JAROSLAV,7,M
ZACHARIASZ,7,M
DMITRIJ,7,M
LUCA,7,M
JAMES,7,M
MARCUS,7,M
KONSTANTYN,7,M
KAJ,7,M
SVYATOSLAV,7,M
OLEKSIY,7,M
LORENZO,7,M
MYKHAIL,7,M
MATVEI,7,M
ANDRIY,7,M
ALI,7,M
STANISLAW,7,M
YEVHENII,7,M
GUSTAV,7,M
ILLYA,7,M
ARSENII,7,M
SANTIAGO,7,M
NOEL,6,M
NAZARII,6,M
VSEVOLOD,6,M
WŁODZIMIERZ,6,M
MARKUS,6,M
KILIAN,6,M
WIESŁAW,6,M
DEMYAN,6,M
ZACHAR,6,M
ROSTISLAV,6,M
DIEGO,6,M
GEORGE,6,M
PAVEL,6,M
YEGOR,6,M
DYLAN,6,M
RICHARD,6,M
YAREMA,6,M
LUKAS,6,M
WOJTEK,6,M
ARIEL,6,M
DIONIZY,6,M
ZDZISŁAW,6,M
JEGOR,6,M
LESŁAW,6,M
JOEL,6,M
TADEI,6,M
MILO,6,M
DOMINIC,5,M
CYRYL,5,M
ANTEK,5,M
AUGUSTYN,5,M
JAKOB,5,M
ANATOLII,5,M
KLAUDIUSZ,5,M
MATEO,5,M
PASCAL,5,M
VALENTINO,5,M
SAVELII,5,M
ELIAS,5,M
MARSEL,5,M
RINAT,5,M
MATVIJ,5,M
LOUIS,5,M
LUKYAN,5,M
FRANK,5,M
JONATHAN,5,M
ENZO,5,M
MICHAIL,5,M
KRYSPIN,5,M
LIUBOMYR,5,M
ARTHUR,5,M
RAYAN,5,M
DMITRO,5,M
TIMOFII,5,M
THEODORE,5,M
IAN,5,M
BRAYAN,5,M
VASYL,5,M
RUBEN,5,M
THOMAS,5,M
ANDREY,5,M
EDGAR,5,M
NATHANIEL,5,M
LUIS,5,M
ARSENIY,5,M
MANUEL,4,M
DARII,4,M
SOLOMON,4,M
ARNOLD,4,M
LEVI,4,M
OLEKSANDER,4,M
ELDAR,4,M
ŚWIATOSŁAW,4,M
KONSTANTIN,4,M
TEOFIL,4,M
ZENON,4,M
ITAN,4,M
JORDAN,4,M
ANTONY,4,M
DEMIR,4,M
DAJAN,4,M
EMMANUEL,4,M
MICHAL,4,M
HORDII,4,M
GERALD,4,M
LUCJUSZ,4,M
LUBOMIR,4,M
DMITRY,4,M
RADOMIR,4,M
PETRO,4,M
EDWIN,4,M
ETHAN,4,M
ANDREI,4,M
JONAS,4,M
SYRIUSZ,4,M
TYKHON,4,M
JAROSLAW,4,M
TYCJAN,4,M
ILJA,4,M
PAWEL,4,M
ROMEO,4,M
KARIM,4,M
TOBIAS,4,M
MASSIMO,4,M
ERIC,4,M
ANDRIAN,4,M
PAUL,3,M
OMAR,3,M
HIERONIM,3,M
KRISTIAN,3,M
GORAN,3,M
ALEXANDR,3,M
VYACHESLAV,3,M
JACOB,3,M
KLIM,3,M
DEMID,3,M
CARLOS,3,M
PEDRO,3,M
LARS,3,M
SERAFIN,3,M
ALFRED,3,M
TONY,3,M
NICO,3,M
SEVERYN,3,M
TRAIAN,3,M
JOSHUA,3,M
ORION,3,M
GERALT,3,M
DYMITR,3,M
SEMEN,3,M
ELISEI,3,M
LIO,3,M
GILBERT,3,M
LECH,3,M
HLIB,3,M
VITALIY,3,M
MYKHAYLO,3,M
NICHOLAS,3,M
YAKUB,3,M
PHILIPP,3,M
SIEMOWIT,3,M
ROLAND,3,M
NOLAN,3,M
MATTEO,3,M
MYCHAJŁO,3,M
NIKLAS,3,M
MATWIY,3,M
ARKADIY,3,M
WAWRZYNIEC,3,M
RODION,3,M
TIGRAN,3,M
JURIJ,3,M
EMILIO,3,M
EUGENIUSZ,3,M
ARTEMII,3,M
DMITRII,3,M
GERMAN,3,M
OLES,3,M
PATRICK,3,M
RATMIR,3,M
APOLONIUSZ,3,M
ZAKHARII,3,M
SIMON,3,M
VIACHESLAV,3,M
AURELIUSZ,3,M
TIMOFIJ,3,M
BAZYLI,3,M
TIMOFEI,3,M
HRYHORII,3,M
HERMAN,3,M
JAREMA,3,M
ALEXANDRE,3,M
MAXIMUS,3,M
TRISTAN,3,M
ARIAN,3,M
EMIN,3,M
SAJMON,2,M
ELIAN,2,M
MARCJAN,2,M
ALOJZY,2,M
TYMEK,2,M
EINAR,2,M
MARKIYAN,2,M
TOMAS,2,M
LUKJAN,2,M
ZAYN,2,M
MARKIIAN,2,M
ANAS,2,M
ELIJAH,2,M
AZIZ,2,M
WLADYSLAW,2,M
FRANCISCO,2,M
SAVA,2,M
HERBERT,2,M
IACOB,2,M
AYAAN,2,M
ABDULMALIK,2,M
MAJKEL,2,M
AIDEN,2,M
KENZO,2,M
DANILA,2,M
ARTIOM,2,M
ELMIR,2,M
KONAN,2,M
ALEKSEY,2,M
ELISEY,2,M
YURIY,2,M
MOHAMMAD,2,M
KALEB,2,M
ANGELO,2,M
ODYSSEUS,2,M
CELESTYN,2,M
AMIN,2,M
MIKE,2,M
KIRYŁ,2,M
ANTONIUSZ,2,M
IOANE,2,M
DEMETRE,2,M
ILIAN,2,M
CHRISTIAN,2,M
BOGUSZ,2,M
ANGEL,2,M
DŻEJSON,2,M
ATHARV,2,M
SWIATOSŁAW,2,M
FRANCESCO,2,M
ANDRIA,2,M
HEORHII,2,M
EREN,2,M
ALEC,2,M
OTTO,2,M
GAWEŁ,2,M
LENNY,2,M
SELIM,2,M
AURELIANO,2,M
RYAN,2,M
PARYS,2,M
BALTAZAR,2,M
MATEI,2,M
ORLANDO,2,M
ALEKSANDRE,2,M
ARAM,2,M
ALISTER,2,M
RADEK,2,M
YOUSEF,2,M
MARKIAN,2,M
TAMERLAN,2,M
ARSENIJ,2,M
JAROMIR,2,M
JINGHENG,2,M
VITALII,2,M
ADRIANO,2,M
JANIS,2,M
ŁUKA,2,M
MAXIME,2,M
MATIJAS,2,M
KYRYLL,2,M
EVAN,2,M
WITALIS,2,M
RUSTAM,2,M
ZBYSZKO,2,M
PABLO,2,M
JUSTYN,2,M
BILAL,2,M
RUVIM,2,M
ARYAN,2,M
GEORGII,2,M
CASPIAN,2,M
LIWIUSZ,2,M
SINAN,2,M
DEMJAN,2,M
QUANG VINH,2,M
FERDYNAND,2,M
DANYL,2,M
VALENTIN,2,M
IGNAT,2,M
MAXIMILIEN,2,M
OMELIAN,2,M
VADIM,2,M
PROHOR,2,M
PHILIP,2,M
DUY ANH,2,M
JOSEF,2,M
ILIJA,2,M
GORDIY,2,M
YASIN,2,M
GIORGI,2,M
DEVID,2,M
CHARLIE,2,M
LOGAN,2,M
DAMIANE,2,M
DUC ANH,2,M
JASON,2,M
TADEJ,2,M
MAXYMILLIAN,2,M
JOSEPH,2,M
MATTHEW,2,M
VALENTYN,2,M
ALESSANDRO,2,M
ARTEMIY,2,M
KSAVIER,2,M
ADEM,2,M
ALESSIO,2,M
DANTE,2,M
ROMUALD,2,M
TIAGO,2,M
MAGNUS,2,M
YEREMIY,2,M
HARRY,2,M
TYBERIUSZ,2,M
DAUD,2,M
LUCIANO,2,M
MIGUEL,2,M
AYAZ,2,M
EVGENII,2,M
MIRAN,2,M
MIKITA,2,M
MURAT,2,M
TIMOTHY,2,M
MEHMET,2,M
SAVVA,2,M
NIKOLOZ,2,M
ANDRIJ,2,M
RAJAN,2,M
FEDERICO,2,M
SERAFIM,2,M
JAMIE,2,M
ARI,2,M
AMBROŻY,2,M
ZOFIA,2860,K
ZUZANNA,2832,K
HANNA,2669,K
MAJA,2570,K
LAURA,2505,K
JULIA,2489,K
OLIWIA,2241,K
ALICJA,2136,K
LENA,2064,K
POLA,2015,K
MARIA,1921,K
EMILIA,1590,K
ANTONINA,1581,K
AMELIA,1558,K
WIKTORIA,1544,K
MARCELINA,1427,K
IGA,1417,K
MICHALINA,1395,K
LILIANA,1390,K
KLARA,1255,K
HELENA,1245,K
ALEKSANDRA,1226,K
GABRIELA,1135,K
ANNA,991,K
KORNELIA,984,K
BLANKA,980,K
ŁUCJA,933,K
NELA,910,K
NADIA,907,K
NATALIA,879,K
MILENA,761,K
JAGODA,758,K
LILIANNA,733,K
ANASTAZJA,705,K
KAJA,595,K
MIA,587,K
NINA,579,K
WERONIKA,559,K
ANIELA,533,K
NIKOLA,525,K
BARBARA,512,K
RÓŻA,510,K
SARA,508,K
MATYLDA,486,K
ROZALIA,477,K
KAROLINA,450,K
LIWIA,435,K
MARTYNA,430,K
AGATA,420,K
MAGDALENA,373,K
ELIZA,359,K
ADRIANNA,345,K
KINGA,340,K
AURELIA,333,K
GAJA,314,K
MARIANNA,287,K
IZABELA,273,K
WANDA,272,K
JOANNA,264,K
KALINA,254,K
PAULINA,254,K
LIDIA,252,K
MAŁGORZATA,250,K
BIANKA,244,K
DIANA,238,K
MELANIA,231,K
ZOJA,230,K
DOMINIKA,219,K
EWA,219,K
URSZULA,219,K
MARTA,211,K
APOLONIA,199,K
KATARZYNA,198,K
SOFIA,192,K
MILANA,189,K
MALWINA,180,K
IDA,177,K
DARIA,174,K
JAGNA,168,K
KLAUDIA,162,K
PATRYCJA,161,K
OLGA,161,K
STEFANIA,149,K
NEL,148,K
LUIZA,135,K
OLIVIA,133,K
ELENA,132,K
DOROTA,126,K
EMMA,124,K
RITA,123,K
KAMILA,123,K
SOFIIA,122,K
LARA,120,K
LILIA,118,K
ALINA,117,K
POLINA,113,K
ADA,111,K
JADWIGA,107,K
MARIKA,105,K
ZLATA,102,K
FELICJA,101,K
LEA,100,K
LILA,98,K
JAŚMINA,97,K
ADELA,93,K
ALISA,90,K
JANINA,85,K
INGA,83,K
EVA,83,K
TOLA,81,K
CELINA,81,K
KARINA,79,K
KIRA,79,K
MARIIA,76,K
SANDRA,76,K
MONIKA,73,K
ARINA,71,K
VERONIKA,70,K
ELŻBIETA,68,K
VICTORIA,66,K
MILA,65,K
AGNIESZKA,64,K
ADELINA,64,K
JUSTYNA,61,K
SONIA,60,K
DAGMARA,59,K
ESTERA,57,K
MARLENA,57,K
OLEKSANDRA,55,K
ROKSANA,55,K
KRYSTYNA,55,K
EWELINA,54,K
FRANCISZKA,54,K
FLORENTYNA,53,K
VIKTORIIA,53,K
NOEMI,52,K
EMILIIA,52,K
KONSTANCJA,51,K
SOLOMIIA,50,K
VARVARA,49,K
NIKOL,48,K
TERESA,48,K
JULITA,47,K
LIVIA,46,K
JOWITA,45,K
VIKTORIA,44,K
AURORA,44,K
GLORIA,44,K
VANESSA,43,K
ANITA,42,K
FAUSTYNA,42,K
YEVA,41,K
MAYA,41,K
JULIANNA,40,K
ANASTASIIA,40,K
MIRA,39,K
ANASTASIA,39,K
SABINA,38,K
NICOLE,38,K
AMANDA,37,K
IRENA,37,K
LUNA,36,K
KATERYNA,36,K
OTYLIA,36,K
JÓZEFINA,35,K
IZABELLA,35,K
JUDYTA,34,K
MELISA,34,K
LUCYNA,33,K
ANTONIA,33,K
EVELINA,32,K
NATASZA,32,K
ARIANA,32,K
INEZ,31,K
ANGELINA,31,K
ANETA,29,K
NAOMI,29,K
OKTAWIA,28,K
DANUTA,28,K
JANA,28,K
PAULA,27,K
MYROSLAVA,26,K
INKA,26,K
KLEMENTYNA,26,K
MIRIAM,26,K
INES,26,K
AMINA,26,K
YANA,25,K
NICOLA,25,K
ROMA,25,K
STELLA,24,K
DARYNA,24,K
ANHELINA,24,K
TAMARA,24,K
ULIANA,24,K
SOPHIA,24,K
DALIA,23,K
EMILY,23,K
VALERIIA,23,K
MARIETTA,22,K
MAGDA,22,K
MALINA,22,K
IDALIA,22,K
YELYZAVETA,22,K
OLA,22,K
WALERIA,20,K
HALINA,20,K
HONORATA,20,K
CECYLIA,19,K
NELIA,19,K
MIIA,19,K
CARMEN,19,K
SOPHIE,19,K
MARGARITA,18,K
LETYCJA,18,K
KSENIA,18,K
OLIMPIA,18,K
SYLWIA,18,K
MIROSLAVA,18,K
ELINA,18,K
ALICE,17,K
NADZIEJA,17,K
LAILA,17,K
LARYSA,17,K
SOFIJA,17,K
SOLOMIYA,17,K
NASTIA,17,K
ADRIANA,17,K
ZOE,17,K
MARCELA,16,K
LILLY,16,K
ANGELIKA,16,K
LILI,16,K
HANA,16,K
MIYA,15,K
DANIELA,15,K
ALEXANDRA,15,K
LEILA,15,K
VALERIA,15,K
GAIA,15,K
ILONA,15,K
BEATA,15,K
LILY,15,K
OLHA,14,K
VLADYSLAVA,14,K
MARCJANNA,14,K
MELISSA,14,K
DOBRAWA,14,K
STANISŁAWA,14,K
INA,14,K
AMELIIA,14,K
SOFIYA,14,K
EDYTA,13,K
STEFANIIA,13,K
HIACYNTA,13,K
MIJA,13,K
NIKA,13,K
ORIANA,13,K
REGINA,13,K
BOGUMIŁA,13,K
ELIZAVETA,13,K
BIANCA,13,K
WIOLETTA,12,K
MARHARYTA,12,K
ANIKA,12,K
ULYANA,12,K
TATIANA,12,K
LILLA,12,K
SOLOMIA,12,K
MELANIIA,11,K
KAMILLA,11,K
OKSANA,11,K
ELIANA,11,K
BOŻENA,11,K
ELIZABETH,11,K
YAROSLAVA,11,K
LIA,11,K
IVANNA,11,K
CHARLOTTE,11,K
SAMANTA,11,K
MARINA,11,K
YUSTYNA,11,K
WANESSA,10,K
ISABELLA,10,K
LAYLA,10,K
SOLOMIJA,10,K
BOGDANA,10,K
IRYNA,10,K
ADEL,10,K
JOLANTA,10,K
DARINA,10,K
KSENIIA,10,K
HANNAH,10,K
ZORIANA,9,K
MARGARYTA,9,K
FLORA,9,K
ARIA,9,K
LEOKADIA,9,K
VERA,9,K
OLIVIIA,9,K
ELLA,9,K
ERIKA,9,K
KATERINA,9,K
KHRYSTYNA,9,K
MAIIA,8,K
PAMELA,8,K
VIOLETTA,8,K
ANATOLIA,8,K
ABIGAIL,8,K
MARYLA,8,K
NELL,8,K
LEONIA,8,K
LIZA,8,K
ZOYA,8,K
GRETA,8,K
YULIIA,8,K
MICHELLE,8,K
GRACJA,7,K
BOHDANA,7,K
VIVIENNE,7,K
NELLY,7,K
MILANIA,7,K
RENATA,7,K
JESSICA,7,K
EMILI,7,K
VERONICA,7,K
YELIZAVETA,7,K
SELENA,7,K
AYLA,7,K
OFELIA,7,K
MARITA,7,K
ARIANNA,7,K
MARIANA,7,K
ZOSIA,7,K
IZA,7,K
CLARA,7,K
MIROSŁAWA,7,K
NADIIA,6,K
DAIANA,6,K
BRYGIDA,6,K
ALIA,6,K
VIRA,6,K
YEVANHELINA,6,K
KARLA,6,K
EUGENIA,6,K
ALISIIA,6,K
MIRELLA,6,K
VALERIYA,6,K
LEYLA,6,K
KAYA,6,K
BERENIKA,6,K
GABRIELLA,6,K
EVANGELINA,6,K
LIANA,6,K
OLENA,6,K
ANDŻELIKA,6,K
LIYA,6,K
NELLA,6,K
MARZENA,6,K
ELEONORA,5,K
IWONA,5,K
DANA,5,K
MIŁOSŁAWA,5,K
RACHELA,5,K
ESENIIA,5,K
NASTAZJA,5,K
DAYANA,5,K
IRMINA,5,K
CHLOE,5,K
ZARA,5,K
MIROSLAWA,5,K
AFINA,5,K
ELIZABET,5,K
YEVHENIIA,5,K
MAJKA,5,K
LUKRECJA,5,K
ARIADNA,5,K
YARYNA,5,K
TETIANA,5,K
BERNADETTA,5,K
ELWIRA,5,K
VLADISLAVA,5,K
OLESIA,5,K
ANASTASIJA,5,K
LEIA,5,K
LINA,5,K
SAMIRA,5,K
MARIE,5,K
ZUZA,5,K
KSENIYA,5,K
FLORENCJA,5,K
VALENTYNA,5,K
ELISA,5,K
AMALIIA,5,K
ASTRID,4,K
LISA,4,K
LETICIA,4,K
MIRELA,4,K
NATALIE,4,K
MARIOLA,4,K
FRANCESCA,4,K
BALBINA,4,K
MARCJA,4,K
ANASTASIYA,4,K
AMIRA,4,K
ELYZAVETA,4,K
AMALIA,4,K
ILARIIA,4,K
IVANKA,4,K
TINA,4,K
EMANUELA,4,K
REBEKA,4,K
LEONIE,4,K
HANIA,4,K
LIJA,4,K
CARLA,4,K
SARAH,4,K
JENNIFER,4,K
ARIELA,4,K
ALMA,4,K
ALENA,4,K
LUCIA,4,K
KRISTINA,4,K
EMI,4,K
SVITLANA,4,K
HALSZKA,4,K
CATALEYA,4,K
VIKTORIYA,4,K
MARIYA,4,K
YASMIN,4,K
MARYSIA,4,K
WARWARA,4,K
CORNELIA,4,K
DOBROMIŁA,4,K
ARYNA,4,K
DARIIA,4,K
LILE,4,K
PIA,4,K
JASMINA,4,K
KAMELIA,4,K
VASILISA,4,K
LUDMIŁA,4,K
LOLITA,4,K
NOLA,4,K
BRONISŁAWA,4,K
DAGNA,4,K
AVRORA,4,K
MATHILDA,4,K
GRAŻYNA,4,K
ROZA,4,K
PETRA,4,K
SABRINA,4,K
VALENTINA,4,K
XENIA,4,K
MARTINA,4,K
FLORIANNA,4,K
ALBINA,4,K
ELVIRA,4,K
BLANCA,4,K
ADELE,4,K
ANATOLA,4,K
MELA,3,K
ZLATOSLAVA,3,K
NAWOJA,3,K
ANA,3,K
ŻANETA,3,K
CLAUDIA,3,K
STEFANIYA,3,K
MATILDA,3,K
EWANGELINA,3,K
ALICIA,3,K
ILARIA,3,K
LILIIA,3,K
TEODOZJA,3,K
JAROSŁAWA,3,K
MALIKA,3,K
TEONA,3,K
JESENIA,3,K
YASMINA,3,K
VITALINA,3,K
ALANA,3,K
CYNTIA,3,K
MELANIE,3,K
LANA,3,K
ERYKA,3,K
FREYA,3,K
LARISA,3,K
TAISIIA,3,K
KAYLA,3,K
DEBORA,3,K
LINDA,3,K
MILANIYA,3,K
EMILA,3,K
LUCY,3,K
MISHEL,3,K
TEIA,3,K
MARYAM,3,K
WIERA,3,K
AYA,3,K
BERNADETA,3,K
CHIARA,3,K
TOSIA,3,K
BELLA,3,K
ZOIA,3,K
ROSE,3,K
INESS,3,K
NAWOJKA,3,K
FLAWIA,3,K
SAMUELA,3,K
SOFI,3,K
KALA,3,K
ANGELA,3,K
JASMIN,3,K
IRIS,3,K
MIŁKA,3,K
LUDWIKA,3,K
DAJANA,3,K
DOBROCHNA,3,K
FREJA,3,K
ILIANA,3,K
KASANDRA,3,K
ELA,3,K
SOŁOMIJA,3,K
AVA,3,K
NATALIIA,3,K
ELSA,3,K
MICHAELA,3,K
LILLI,3,K
DOBROSŁAWA,3,K
KATIA,3,K
MILANIIA,3,K
KORA,3,K
LYUBOV,3,K
NAYA,3,K
EMILIE,3,K
JASMINE,3,K
MIKA,3,K
DOBROMIRA,3,K
ULA,3,K
ARLETA,3,K
RAISA,3,K
SUSANNA,3,K
VLADA,2,K
ELLIE,2,K
DINA,2,K
ADELINE,2,K
MIŁANA,2,K
WIKTORIIA,2,K
NIA,2,K
JULIANA,2,K
ELLEN,2,K
ROSA,2,K
ALICA,2,K
WIWIANA,2,K
TEREZA,2,K
KIARA,2,K
ANAYA,2,K
JEWA,2,K
TAISIYA,2,K
LILJANNA,2,K
MARIETA,2,K
DANELIYA,2,K
CELIA,2,K
YESENIIA,2,K
KAMA,2,K
LILIBET,2,K
NOELIA,2,K
ADELAJDA,2,K
MARIAM,2,K
GIA LINH,2,K
ISABEL,2,K
NIKOLETTA,2,K
BOGNA,2,K
KATALEIA,2,K
INGRID,2,K
FREYJA,2,K
RIMMA,2,K
LATOYA,2,K
YANINA,2,K
ZELIA,2,K
KAIA,2,K
ZARINA,2,K
SCARLETT,2,K
ZURI,2,K
JÓZEFA,2,K
DENISA,2,K
KAIRA,2,K
MELODIA,2,K
ANNABELLE,2,K
CHRYSTYNA,2,K
ULLA,2,K
SAWA,2,K
ATENA,2,K
ALISIA,2,K
MAURA,2,K
ALIYA,2,K
AURA,2,K
EUNIKA,2,K
KATALINA,2,K
LILIYA,2,K
ZŁATA,2,K
PÉNÉLOPE,2,K
KHANH LINH,2,K
MERVE,2,K
MIŁOCHNA,2,K
MELODY,2,K
VIORIKA,2,K
INAYA,2,K
ELISABETH,2,K
ANI,2,K
FELICYTA,2,K
MELANIJA,2,K
NADIYA,2,K
KARMEN,2,K
AGNES,2,K
MIRRA,2,K
YULIA,2,K
DANIELLA,2,K
ILIA,2,K
ALONA,2,K
HELEN,2,K
ALIANA,2,K
LOLA,2,K
LOUISA,2,K
ANIA,2,K
JAGA,2,K
FIONA,2,K
MARYIA,2,K
DIEP ANH,2,K
IGNACJA,2,K
REBECCA,2,K
SNIZHANA,2,K
ALEXA,2,K
MADDISON,2,K
LATIKA,2,K
LARISSA,2,K
CHARLOTTA,2,K
BOZHENA,2,K
JARYNA,2,K
SIMONA,2,K
DANAE,2,K
MARUSIA,2,K
CAMILLA,2,K
ROBERTA,2,K
ROSALIA,2,K
EKATERINA,2,K
ELISE,2,K
ALIX,2,K
RUT,2,K
ADELIA,2,K
VIVIEN,2,K
ODA,2,K
KATALEJA,2,K
TUE NHI,2,K
LUISA,2,K
PELAGIA,2,K
SAFIJA,2,K
KLARYSA,2,K
ARNIKA,2,K
REBEKKA,2,K
FATIMA,2,K
KATALEYA,2,K
SYNTIA,2,K
SASKIA,2,K
OKTAVIA,2,K
KESJA,2,K
EMILIJA,2,K
YULIYA,2,K
DŻESIKA,2,K
LEONA,2,K
AISHA,2,K
CAMILLE,2,K
DALIDA,2,K
ISABELLE,2,K
FILOMENA,2,K
MILIANA,2,K
ESTELLA,2,K
ULJANA,2,K
FRANKA,2,K
ELEANOR,2,K
ALESSIA,2,K
YULIANA,2,K
OLYMPIA,2,K
STANISLAVA,2,K
WŁADYSŁAWA,2,K
JUTRZENKA,2,K
YARINA,2,K
LILLIANA,2,K
GIA HAN,2,K
LIANNA,2,K
TEJA,2,K
ROKSOLANA,2,K
AMELI,2,K
NORA,2,K
GOJA,2,K
KATARINA,2,K
ANTONELLA,2,K
NIKOLE,2,K
KVITOSLAVA,2,K
DAR'IA,2,K
AGLAYA,2,K
MARY,2,K
AUDREY,2,K
RONJA,2,K
INNA,2,K
OLIVIYA,2,K
NICOL,2,K
VASYLYNA,2,K
TULIA,2,K
ALDONA,2,K
IWA,2,K
